{
    "model_name": "ANN",
    "best_params": {
        "hidden_size": 77,
        "learning_rate": 0.0017115585780282181,
        "batch_size": 20,
        "epochs": 24,
        "dropout_rate": 0.14734059280301046
    },
    "best_accuracy": 0.826086956521739,
    "final_accuracy": 0.8793478260869565,
    "precision": 0.8792792669037724,
    "recall": 0.8793478260869565,
    "f1_score": 0.8793041072966977,
    "overfitting_analysis": "Il modello sembra ben bilanciato.\nTrain score: media = 0.879, std = 0.018\nTest score: media = 0.879, std = 0.074\nTrain varianza: 0.000\nTest varianza: 0.005\nIl modello sembra stabile sui dati di test."
}