{
    "model_name": "ANN",
    "best_params": {
        "module__hidden_size": 64,
        "module__dropout_rate": 0.6359806350639419,
        "max_epochs": 28,
        "lr": 0.0028864634848197596,
        "batch_size": 32
    },
    "best_accuracy": 0.8387499999999999,
    "final_accuracy": 0.8206521739130435,
    "precision": 0.8250823924479654,
    "recall": 0.8206521739130435,
    "f1_score": 0.8216754099178261,
    "overfitting_analysis": "Il modello sembra ben bilanciato.\nTrain score: media = 0.877500, std = 0.013679\nTest score: media = 0.826250, std = 0.048477\nTrain varianza: 0.000187\nTest varianza: 0.002350\nIl modello sembra stabile sui dati di test."
}